[
  {
    "value": "1",
    "synonyms": [
      "1",
      "One"
    ]
  },
  {
    "value": "2",
    "synonyms": [
      "2",
      "Two"
    ]
  },
  {
    "value": "3",
    "synonyms": [
      "3",
      "Three"
    ]
  },
  {
    "value": "4",
    "synonyms": [
      "4",
      "Four"
    ]
  },
  {
    "value": "5",
    "synonyms": [
      "5",
      "Five"
    ]
  },
  {
    "value": "6",
    "synonyms": [
      "6",
      "Six"
    ]
  },
  {
    "value": "7",
    "synonyms": [
      "7",
      "Seven"
    ]
  },
  {
    "value": "8",
    "synonyms": [
      "8",
      "Eight"
    ]
  },
  {
    "value": "9",
    "synonyms": [
      "9",
      "Nine"
    ]
  },
  {
    "value": "10",
    "synonyms": [
      "10",
      "Ten"
    ]
  }
]