[
  {
    "id": "b125c6ef-76d5-4160-9960-1366b5df6885",
    "data": [
      {
        "text": "order momos at this ",
        "userDefined": false
      },
      {
        "text": "mailid",
        "meta": "@sys.email",
        "alias": "email",
        "userDefined": true
      },
      {
        "text": ".",
        "userDefined": false
      }
    ],
    "isTemplate": false,
    "count": 0,
    "lang": "en",
    "updated": 0
  },
  {
    "id": "2da67e39-9a18-4322-82b0-f1dde1450cb6",
    "data": [
      {
        "text": "order momos at this ",
        "userDefined": false
      },
      {
        "text": "number",
        "meta": "@sys.phone-number",
        "alias": "phone-number",
        "userDefined": true
      },
      {
        "text": ".",
        "userDefined": false
      }
    ],
    "isTemplate": false,
    "count": 0,
    "lang": "en",
    "updated": 0
  },
  {
    "id": "326f8aa7-97e4-475a-96a8-600b1d26fe94",
    "data": [
      {
        "text": "order momos ",
        "userDefined": false
      },
      {
        "text": "here",
        "meta": "@sys.address",
        "alias": "address",
        "userDefined": true
      },
      {
        "text": ".",
        "userDefined": false
      }
    ],
    "isTemplate": false,
    "count": 0,
    "lang": "en",
    "updated": 0
  },
  {
    "id": "ed1eb7aa-f3f9-47b1-808e-cd23866b14cd",
    "data": [
      {
        "text": "order ",
        "userDefined": false
      },
      {
        "text": "veg",
        "meta": "@momotype",
        "alias": "momotype",
        "userDefined": true
      },
      {
        "text": " ",
        "userDefined": false
      },
      {
        "text": "steamed",
        "meta": "@serve",
        "alias": "serve",
        "userDefined": true
      },
      {
        "text": " momos.",
        "userDefined": false
      }
    ],
    "isTemplate": false,
    "count": 0,
    "lang": "en",
    "updated": 0
  },
  {
    "id": "7962e847-6e8d-4bf0-ae95-11ef764ff8a1",
    "data": [
      {
        "text": "order ",
        "userDefined": false
      },
      {
        "text": "1",
        "meta": "@number",
        "alias": "number",
        "userDefined": true
      },
      {
        "text": " plate momos",
        "userDefined": false
      }
    ],
    "isTemplate": false,
    "count": 0,
    "lang": "en",
    "updated": 0
  },
  {
    "id": "4cb5cad3-cec2-403d-b6a0-e4c8dfcb6a57",
    "data": [
      {
        "text": "Order momos",
        "userDefined": false
      }
    ],
    "isTemplate": false,
    "count": 0,
    "lang": "en",
    "updated": 0
  },
  {
    "id": "f34139c7-1306-4d14-84e8-ce7902432769",
    "data": [
      {
        "text": "Order momos for me..",
        "userDefined": false
      }
    ],
    "isTemplate": false,
    "count": 0,
    "lang": "en",
    "updated": 0
  }
]