[
  {
    "id": "46f26f93-9669-41f4-870e-ece8f0a072be",
    "data": [
      {
        "text": "could you order me pizza ",
        "userDefined": false
      },
      {
        "text": "now",
        "meta": "@sys.date-time",
        "alias": "date-time",
        "userDefined": true
      },
      {
        "text": "?",
        "userDefined": false
      }
    ],
    "isTemplate": false,
    "count": 0,
    "lang": "en",
    "updated": 0
  },
  {
    "id": "29de4f8a-fd1d-47ba-8718-b9d2ddf2ad16",
    "data": [
      {
        "text": "could you order me  ",
        "userDefined": false
      },
      {
        "text": "onion",
        "meta": "@types",
        "alias": "types",
        "userDefined": true
      },
      {
        "text": " pizza?",
        "userDefined": false
      }
    ],
    "isTemplate": false,
    "count": 0,
    "lang": "en",
    "updated": 0
  },
  {
    "id": "0e9e592f-b2af-4f26-b9f9-78ba9493df5f",
    "data": [
      {
        "text": "can you order the pizza  ",
        "userDefined": false
      },
      {
        "text": "here",
        "meta": "@sys.address",
        "alias": "address",
        "userDefined": true
      },
      {
        "text": "?",
        "userDefined": false
      }
    ],
    "isTemplate": false,
    "count": 0,
    "lang": "en",
    "updated": 0
  },
  {
    "id": "285f159e-d418-4757-b62b-b50be44cfc5f",
    "data": [
      {
        "text": "could you order me a ",
        "userDefined": false
      },
      {
        "text": "2",
        "meta": "@number",
        "alias": "number",
        "userDefined": true
      },
      {
        "text": " large ",
        "userDefined": false
      },
      {
        "text": "size",
        "meta": "@size",
        "alias": "size",
        "userDefined": true
      },
      {
        "text": " pizza?",
        "userDefined": false
      }
    ],
    "isTemplate": false,
    "count": 0,
    "lang": "en",
    "updated": 0
  },
  {
    "id": "71502f4a-0ccf-4c2b-adb1-5ce7b0e42cde",
    "data": [
      {
        "text": "could you order me a pizza at this mailid ",
        "userDefined": false
      },
      {
        "text": "akankshyarout143@gmail.com",
        "meta": "@sys.email",
        "alias": "email",
        "userDefined": true
      }
    ],
    "isTemplate": false,
    "count": 0,
    "lang": "en",
    "updated": 0
  },
  {
    "id": "9dad28f0-3e17-4286-a611-88ab7de5bb9c",
    "data": [
      {
        "text": "could you order me a pizza at this phone number ",
        "userDefined": false
      },
      {
        "text": "8967706705",
        "meta": "@sys.phone-number",
        "alias": "phone-number1",
        "userDefined": false
      }
    ],
    "isTemplate": false,
    "count": 0,
    "lang": "en",
    "updated": 0
  },
  {
    "id": "a8d25bda-7419-41a1-b693-a486710fa955",
    "data": [
      {
        "text": "Order me a pizza",
        "userDefined": false
      }
    ],
    "isTemplate": false,
    "count": 0,
    "lang": "en",
    "updated": 0
  },
  {
    "id": "6cd2dce2-d18b-442d-bb22-ed8a1c4ee98b",
    "data": [
      {
        "text": "Show me the nearest food places to order!!",
        "userDefined": false
      }
    ],
    "isTemplate": false,
    "count": 0,
    "lang": "en",
    "updated": 0
  }
]